name,v_nom,control
Mahendranagar_132,132,PQ
Mahendranagar_33,33,PQ
Attariya_132,132,PQ
Attariya_33,33,PQ
Chameliya HEP,11,PQ
Chameliya HEP_132,132,PQ
Syaule_132,132,PQ
Syaule_33,33,PQ
Pahalmanpur_132,132,PQ
Pahalmanpur_33,33,PQ
Lamki_132,132,PQ
Lamki_33,33,PQ
Bhurigaon_132,132,PQ
Bhurigaon_33,33,PQ
Kohalpur_132,132,PQ
Kohalpur_33,33,PQ
Kusum_132,132,PQ
Hapure_132,132,PQ
Hapure_33,33,PQ
Lamahi_132,132,PQ
Lamahi_33,33,PQ
Jhimruk HEP,132,PV
Jhimruk HEP_132,132,PQ
Ghorahi_132,132,PQ
Ghorahi_33,33,PQ
Shivapur_132,132,PQ
Shivapur_33,33,PQ
New Butwal_220,220,PQ
New Butwal_132,132,PQ
Motipur_132,132,PQ
Motipur_33,33,PQ
Sandhikharka_132,132,PQ
Sandhikharka_33,33,PQ
Butwal_132,132,PQ
Butwal_33,33,PQ
Kaligandaki'A' HEP,13.8,PV
Kaligandaki'A' HEP_132,132,PQ
Syangja_132,132,PQ
Syangja_33,33,PQ
Mainahiya_132,132,PQ
Mainahiya_33,33,PQ
Sunwal_132,132,PQ
Dana_132,132,PQ
Dana_220,220,PQ
Bardghat_132,132,PQ
Bardghat_220,220,PQ
Gandak_132,132,PQ
Gandak_33,33,PQ
Gandak HEP,132,PV
Gandak HEP_132,6.6,PQ
Kawasoti_132,132,PQ
Kawasoti_33,33,PQ
Kushma_132,132,PQ
Kushma_220,220,PQ
Modi Khola HEP,6.6,PV
Modi Khola HEP_132,132,PQ
Lower Modi HEP,6.6,PV
Lower Modi HEP_132,132,PQ
Pokhara_132,132,PQ
Lekhnath_132,132,PQ
Lahachowk_132,132,PQ
Lahachowk_33,33,PQ
Damauli_132,132,PQ
Damauli_33,33,PQ
Upper Marsyandi HEP,11,PV
Upper Marsyandi HEP_132,132,PQ
Mid Marsyandi HEP,11,PV
Mid Marsyandi HEP_132,132,PQ
Markhichowk_132,132,PQ
Markhichowk_220,220,PQ
Marsyandi HEP,132,PV
Marsyandi HEP_132,132,PQ
Bharatpur_132,132,PQ
Purbi Chitwan_132,132,PQ
Purbi Chitwan_33,33,PQ
Hetauda_132,132,PQ
Hetauda_66,66,PQ
Amlekhgunj_66,66,PQ
Simara_66,66,PQ
Parwanipur_132,132,PQ
Parwanipur_66,66,PQ
Birgunj_66,66,PQ
Pathalaiya_132,132,PQ
Kamane_132,132,PQ
Kamane_33,33,PQ
Kulekhani I HEP,11,PV
Kulekhani I HEP_66,66,PQ
Kulekhani II HEP,6.6,PV
Kulekhani II HEP_132,132,PQ
Kulekhani III HEP,6.6,PV
Kulekhani III HEP_132,132,PQ
Chapur_132,132,PQ
Chapur_33,33,PQ
Nawalpur_132,132,PQ
Nawalpur_33,33,PQ
Dhalkebar_132,132,PQ
Dhalkebar_33,33,PQ
Dhalkebar_220,220,PQ
Mirchaiya_132,132,PQ
Mirchaiya_33,33,PQ
Lahan_132,132,PQ
Lahan_33,33,PQ
Rupani_132,132,PQ
Kaushaha_132,132,PQ
Inarwa_220,220,PQ
Inarwa_132,132,PQ
Duhabi_132,132,PQ
Duhabi_33,33,PQ
Anarmani_132,132,PQ
Anarmani_33,33,PQ
Puwa Khola HEP,6.6,PV
Puwa Khola HEP_132,132,pq
Puwa Khola HEP_33,33,PQ
Damak_132,132,PQ
Damak_33,33,PQ
Baneshwor1_220,220,PQ
Tumlingtar_132,132,PQ
Tumlingtar_220,220,PQ
Kabeli_132,132,PQ
Kabeli_33,33,PQ
Phidim_132,132,PQ
Phidim_33,33,PQ
Godak_132,132,PQ
Godak_33,33,PQ
Basantapur_220,220,pq
Tingla_132,132,PQ
Tingla_33,33,PQ
Sunkoshi HEP,6.3,PV
Sunkoshi HEP_66,66,PQ
New Khimti_132,132,PQ
New Khimti_220,220,PQ
U. Tamakoshi HEP,11,Slack
U. Tamakoshi HEP_220,220,PQ
Garjyang_132,132,PQ
Garjyang_33,33,PQ
Khimti HEP,6.6,PV
Khimti HEP_132,132,PQ
Indrawati HEP,6.6,PV
Indrawati HEP_66,66,PQ
Indrawati_66,66,PQ
Panchkhal_66,66,PQ
Banepa_66,66,PQ
Bhaktapur_132,132,PQ
Bhaktapur_66,66,PQ
Singati_132,132,PQ
Bhotekoshi HEP,132,PV
Bhotekoshi HEP_132,132,PQ
Lamosanghu_132,132,PQ
Devighat HEP,66,PV
Okhaltar_66,66,PQ
Devighat HEP_66,6.6,PQ
Trishuli HEP,66,PV
Trishuli HEP_66,66,PQ
Chilime HEP,6.6,PV
Chilime HEP_66,66,PQ
Samudratar_132,132,PQ
Samudratar_33,33,PQ
Trishuli 3B Hub_132,132,PQ
Trishuli 3B Hub_220,220,PQ
Matatirtha_132,132,PQ
Matatirtha_220,220,PQ
Suichatar_132,132,PQ
Suichatar_66,66,PQ
Balaju_132,132,PQ
Balaju_66,66,PQ
Lainchour_66,66,PQ
Chapali_132,132,PQ
Chapali_66,66,PQ
Chabel_66,66,PQ
Baneshwor2_66,66,PQ
New Patan_66,66,PQ
K3_66,66,PQ
Teku_66,66,PQ
U. Trishuli 3A HEP,11,PV
U. Trishuli 3A HEP_132,132,PQ
Multi-fuel PP,11,PV
Multi-fuel PP_33,33,PQ
Sanima HEP,11,PV
Sanima HEP_132,132,PQ
Kabeli HEP,11,PV
Kabeli HEP_132,132,PQ
Madkyu Khola HEP,6.6,PV
Madkyu Khola HEP_132,132,PQ
Bagmati Khola HEP,6.6,PV
Bagmati Khola HEP_66,66,PQ
Upper Chaku HEP,11,PV
Upper Chaku HEP_132,132,PQ
Likhu IV HEP,11,PV
Likhu IV HEP_132,132,PQ
Mithila Solar PV,3.3,PV
Mithila Solar PV_33,33,PQ
Solar PV,3.3,PV
Solar PV_33,33,PQ
Super Madi HEP,11,PV
Super Madi HEP_132,132,PQ
Super Dordi HEP,11,PV
Super Dordi HEP_132,132,PQ
Lower Khare HEP,11,PV
Lower Khare HEP_132,132,PQ
Upper BhoteKoshi Khola HEP,6.6,PV
Upper BhoteKoshi Khola HEP_132,132,PQ
Taskar Pikhauwa HEP,11,PV
Taskar Pikhauwa HEP_132,132,PQ
Singati HEP,11,PV
Singati HEP_132,132,PQ
Makarigad HEP,11,PV
Makarigad HEP_132,132,PQ
Kalangagad HEP,6.6,PV
Kalangagad HEP_132,132,PQ
Mistri Khola HEP,11,PV
Mistri Khola HEP_220,220,PQ
Ghal Madi HEP,6.6,PV
Ghal Madi HEP_132,132,PQ
Iwa Khola HEP,3.3,PV
Iwa Khola HEP_132,132,PQ
Solu Khola HEP,11,PV
Solu Khola HEP_132,132,PQ
Grid Connected Solar PV,3.3,PV
Grid Connected Solar PV_132,132,PQ
Daraudi Khola HEP,11,PV
Daraudi Khola HEP_132,132,PQ
Rudi Khola HEP,6.6,PV
Rudi Khola HEP_132,132,PQ
