name,bus,control,p_nom,p_set
U. Tamakoshi HEP,U. Tamakoshi HEP,Slack,456,456
Chameliya HEP,Chameliya HEP,PV,30,30
Jhimruk HEP,Jhimruk HEP,PV,12,12
Kaligandaki'A' HEP_132,Kaligandaki'A' HEP_132,PV,144,144
Gandak HEP,Gandak HEP,PV,15,15
Modi Khola HEP,Modi Khola HEP,PV,14.8,14.8
Lower Modi HEP,Lower Modi HEP,PV,10,10
Upper Marsyandi HEP,Upper Marsyandi HEP,PV,50,50
Mid Marsyandi HEP,Mid Marsyandi HEP,PV,70,70
Marsyandi HEP,Marsyandi HEP,PV,69,69
Kulekhani I HEP,Kulekhani I HEP,PV,60,60
Kulekhani II HEP,Kulekhani II HEP,PV,32,32
Kulekhani III HEP,Kulekhani III HEP,PV,14,14
Puwa Khola HEP,Puwa Khola HEP,PV,6.2,6.2
Sunkoshi HEP,Sunkoshi HEP,PV,10.05,10.05
Khimti HEP,Khimti HEP,PV,60,60
Indrawati HEP,Indrawati HEP,PV,7.5,7.5
Bhotekoshi HEP,Bhotekoshi HEP,PV,36,36
Devighat HEP,Devighat HEP,PV,15,15
Trishuli HEP,Trishuli HEP,PV,24,24
Chilime HEP,Chilime HEP,PV,22,22
U. Trishuli 3A HEP,U. Trishuli 3A HEP,PV,60,60
Multi-fuel PP,Multi-fuel PP,PV,39,39
Sanima HEP,Sanima HEP,PV,80,80
Kabeli HEP,Kabeli HEP,PV,45,45
Madkyu Khola HEP,Madkyu Khola HEP,PV,13,13
Bagmati Khola HEP,Bagmati Khola HEP,PV,22,22
Upper Chaku HEP,Upper Chaku HEP,PV,60,60
Likhu IV HEP,Likhu IV HEP,PV,52.4,52.4
Super Madi HEP,Super Madi HEP,PV,85,85
Super Dordi HEP,Super Dordi HEP,PV,54,54
Lower Khare HEP,Lower Khare HEP,PV,25,25
Mithila Solar PV,Mithila Solar PV,PV,10,10
Solar PV,Solar PV,PV,10,10
Upper BhoteKoshi Khola HEP,Upper BhoteKoshi Khola HEP,PV,52.5,52.5
Taskar Pikhauwa HEP,Taskar Pikhauwa HEP,PV,18,18
Singati HEP,Singati HEP,PV,50,50
Makarigad HEP,Makarigad HEP,PV,30,30
Kalangagad HEP,Kalangagad HEP,PV,30,30
Mistri Khola HEP,Mistri Khola HEP,PV,84,84
Ghal Madi HEP,Ghal Madi HEP,PV,15,15
Iwa Khola HEP,Iwa Khola HEP,PV,47,47
Solu Khola HEP,Solu Khola HEP,PV,95,95
Grid Connected Solar PV,Grid Connected Solar PV,PV,8.55,8.55
Daraudi Khola HEP,Daraudi Khola HEP,PV,37,37
Rudi Khola HEP,Rudi Khola HEP,PV,20,20
