name,bus0,bus1,r,x,b
Mahendranagar_132-Attariya_132,Mahendranagar_132,Attariya_132,4.0774,7.554452807,0.000103424
Attariya_132-Syaule_132,Attariya_132,Syaule_132,14.4362,26.74684642,0.000366176
Attariya_132-Pahalmanpur_132,Attariya_132,Pahalmanpur_132,4.1876,7.758627207,0.000106219
Syaule_132-Chameliya HEP_132,Syaule_132,Chameliya HEP_132,0.30856,0.571688321,7.83E-06
Pahalmanpur_132-Lamki_132,Pahalmanpur_132,Lamki_132,3.857,7.146104007,9.78E-05
Lamki_132-Bhurigaon_132,Lamki_132,Bhurigaon_132,3.6366,6.737755206,9.22E-05
Bhurigaon_132-Kohalpur_132,Bhurigaon_132,Kohalpur_132,5.51,10.20872001,0.000139762
Kusum_132-Hapure_132,Kusum_132,Hapure_132,2.204,7.986535403,2.86E-05
Kohalpur_132-Kusum_132,Kohalpur_132,Kusum_132,5.2896,9.800371209,0.000134171
Kusum_132-Lamahi_132,Kusum_132,Lamahi_132,5.1794,9.596196809,0.000131376
Lamahi_132-Ghorahi_132,Lamahi_132,Ghorahi_132,1.4326,2.654267202,3.63E-05
Lamahi_132-Jhimruk HEP_132,Lamahi_132,Jhimruk HEP_132,5.51,21.40560218,6.65E-05
Lamahi_132-Shivapur_132,Lamahi_132,Shivapur_132,5.6202,10.41289441,0.000142557
Shivapur_132-Motipur_132,Shivapur_132,Motipur_132,2.5346,4.696011204,6.43E-05
Motipur_132-Sandhikharka_132,Motipur_132,Sandhikharka_132,4.0774,7.554452807,0.000103424
Motipur_132-Butwal_132,Motipur_132,Butwal_132,4.1876,7.758627207,0.000106219
Butwal_132-Mainahiya_132,Butwal_132,Mainahiya_132,2.4244,4.491836804,6.15E-05
Butwal_132-Kaligandaki'A' HEP_132,Butwal_132,Kaligandaki'A' HEP_132,6.3916,11.67601389,0.000164524
Butwal_132-Sunwal_132,Butwal_132,Sunwal_132,4.7386,8.779499208,0.000120195
Sunwal_132-New Butwal_132,Sunwal_132,New Butwal_132,2.4795,4.593924004,6.29E-05
New Butwal_220-Bardghat_220,New Butwal_220,Bardghat_220,4.7386,8.779499208,0.000120195
Bardghat_132-Kawasoti_132,Bardghat_132,Kawasoti_132,4.675,13.81545204,4.78E-05
Bardghat_132-Gandak_132,Bardghat_132,Gandak_132,1.5428,5.688715548,1.97E-05
Gandak_132-Gandak HEP_132,Gandak_132,Gandak HEP_132,0.2204,0.79865354,2.86E-06
Kawasoti_132-Bharatpur_132,Kawasoti_132,Bharatpur_132,13.6456,14.71780543,0.00021257
Bharatpur_132-Marsyandi HEP_132,Bharatpur_132,Marsyandi HEP_132,12.8412,11.67601389,0.000164524
Bharatpur_132-Purbi Chitwan_132,Bharatpur_132,Purbi Chitwan_132,4.1876,15.17441727,5.44E-05
Purbi Chitwan_132-Hetauda_132,Purbi Chitwan_132,Hetauda_132,4.0774,14.7750905,5.29E-05
Hetauda_132-Kamane_132,Hetauda_132,Kamane_132,0.8816,3.194614161,1.14E-05
Hetauda_132-Kulekhani II HEP_132,Hetauda_132,Kulekhani II HEP_132,2.204,4.083488004,5.59E-05
Hetauda_132-Kulekhani III HEP_132,Hetauda_132,Kulekhani III HEP_132,0.8816,1.633395202,2.24E-05
Hetauda_66-Kulekhani I HEP_66,Hetauda_66,Kulekhani I HEP_66,2.9504,3.395171099,4.30E-05
Hetauda_132-Pathalaiya_132,Hetauda_132,Pathalaiya_132,4.0774,14.7750905,5.29E-05
Hetauda_66-Amlekhgunj_66,Hetauda_66,Amlekhgunj_66,5.7304,11.03430607,0.000139645
Amlekhgunj_66-Simara_66,Amlekhgunj_66,Simara_66,3.3192,3.819567486,4.83E-05
Simara_66-Parwanipur_66,Simara_66,Parwanipur_66,0.8816,1.697585549,2.15E-05
Parwanipur_66-Birgunj_66,Parwanipur_66,Birgunj_66,1.3224,2.546378324,3.22E-05
Parwanipur_132-Pathalaiya_132,Parwanipur_132,Pathalaiya_132,1.8734,3.470964803,4.75E-05
Kamane_132-Pathalaiya_132,Kamane_132,Pathalaiya_132,1.653,3.062616003,4.19E-05
Pathalaiya_132-Chapur_132,Pathalaiya_132,Chapur_132,3.5264,6.533580806,8.94E-05
Chapur_132-Nawalpur_132,Chapur_132,Nawalpur_132,2.755,5.104360005,6.99E-05
Nawalpur_132-Dhalkebar_132,Nawalpur_132,Dhalkebar_132,4.959,9.187848008,0.000125786
Dhalkebar_132-Mirchaiya_132,Dhalkebar_132,Mirchaiya_132,3.6366,6.737755206,9.22E-05
Dhalkebar_220-New Khimti_220,Dhalkebar_220,New Khimti_220,5.7825,14.91669469,0.000215443
Mirchaiya_132-Tingla_132,Mirchaiya_132,Tingla_132,6.0912,17.6422902,0.000262466
Mirchaiya_132-Lahan_132,Mirchaiya_132,Lahan_132,2.9754,5.512708805,7.55E-05
Lahan_132-Rupani_132,Lahan_132,Rupani_132,2.9754,5.512708805,7.55E-05
Rupani_132-Kaushaha_132,Rupani_132,Kaushaha_132,3.745698,6.939887862,9.50E-05
Kaushaha_132-Inarwa_132,Kaushaha_132,Inarwa_132,0.1677244,0.310753437,4.25E-06
Inarwa_220-Basantapur_220,Inarwa_220,Basantapur_220,4.13775,28.31636636,0.000113743
Basantapur_220-Baneshwor1_220,Basantapur_220,Baneshwor1_220,1.1034,3.865735817,5.92E-05
Baneshwor1_220-Tumlingtar_220,Baneshwor1_220,Tumlingtar_220,0.82755,2.899301863,4.44E-05
Inarwa_132-Duhabi_132,Inarwa_132,Duhabi_132,1.859074,3.444422131,4.72E-05
Duhabi_132-Damak_132,Duhabi_132,Damak_132,5.386576,19.51909253,6.99E-05
Damak_132-Anarmani_132,Damak_132,Anarmani_132,2.9754,10.78182279,3.86E-05
Anarmani_132-Puwa Khola HEP_132,Anarmani_132,Puwa Khola HEP_132,4.1876,15.17441727,5.44E-05
Damak_132-Phidim_132,Damak_132,Phidim_132,8.510746,30.84000646,0.000110477
Damak_132-Godak_132,Damak_132,Godak_132,3.80741,7.054225527,9.66E-05
Godak_132-Phidim_132,Godak_132,Phidim_132,37.7587076,136.8245259,0.000490139
Phidim_132-Kabeli_132,Phidim_132,Kabeli_132,1.468966,5.323025846,1.91E-05
Kaligandaki'A' HEP_132-Syangja_132,Kaligandaki'A' HEP_132,Syangja_132,5.2896,18.89275865,6.97E-05
Syangja_132-Lekhnath_132,Syangja_132,Lekhnath_132,5.2896,18.89275865,6.97E-05
Lekhnath_132-Pokhara_132,Lekhnath_132,Pokhara_132,0.7714,2.9076205,9.61E-06
Pokhara_132-Modi Khola HEP_132,Pokhara_132,Modi Khola HEP_132,4.0774,14.7750905,5.29E-05
Lekhnath_132-Lahachowk_132,Lekhnath_132,Lahachowk_132,4.6284,8.575324808,0.0001174
Lekhnath_132-Damauli_132,Lekhnath_132,Damauli_132,4.959,18.69184607,6.18E-05
Damauli_132-Mid Marsyandi HEP_132,Damauli_132,Mid Marsyandi HEP_132,2.4244,8.785188944,3.15E-05
Damauli_132-Markhichowk_132,Damauli_132,Markhichowk_132,1.9836,7.187881863,2.57E-05
Mid Marsyandi HEP_132-Upper Marsyandi HEP_132,Mid Marsyandi HEP_132,Upper Marsyandi HEP_132,2.72,7.841017867,0.000116651
Lower Modi HEP_132-Kushma_132,Lower Modi HEP_132,Kushma_132,0.68324,2.475825975,8.87E-06
Lower Modi HEP_132-Modi Khola HEP_132,Lower Modi HEP_132,Modi Khola HEP_132,0.96976,3.514075577,1.26E-05
Kushma_220-Dana_220,Kushma_220,Dana_220,4.38596,7.692814276,0.000117782
Markhichowk_220-Mid Marsyandi HEP_132,Markhichowk_220,Mid Marsyandi HEP_132,4.408,15.97307081,5.72E-05
Marsyandi HEP_132-Suichatar_132,Marsyandi HEP_132,Suichatar_132,9.2568,33.06232763,0.000121982
Markhichowk_220-Matatirtha_220,Markhichowk_220,Matatirtha_220,4.52394,15.84951685,0.000242667
Matatirtha_132-Kulekhani II HEP_132,Matatirtha_132,Kulekhani II HEP_132,3.9672,7.350278407,0.000100629
Matatirtha_220-Trishuli 3B Hub_220,Matatirtha_220,Trishuli 3B Hub_220,3.73008,9.546684602,0.000137883
Trishuli 3B Hub_132-U. Trishuli 3A HEP_132,Trishuli 3B Hub_132,U. Trishuli 3A HEP_132,0.46626,1.193335575,1.72E-05
Trishuli 3B Hub_132-Samudratar_132,Trishuli 3B Hub_132,Samudratar_132,4.67428,10.46815039,0.000147504
Matatirtha_132-Suichatar_132,Matatirtha_132,Suichatar_132,3.9672,7.350278407,0.000100629
Suichatar_66-Teku_66,Suichatar_66,Teku_66,0.90364,1.674230082,2.29E-05
Teku_66-K3_66,Teku_66,K3_66,0.154476,1.057144344,4.25E-06
Suichatar_66-New Patan_66,Suichatar_66,New Patan_66,1.18016,1.35806844,1.72E-05
New Patan_66-Baneshwor2_66,New Patan_66,Baneshwor2_66,0.79956,1.514171979,4.88E-06
Suichatar_132-Balaju_132,Suichatar_132,Balaju_132,0.53998,1.956701174,7.01E-06
Balaju_66-Lainchour_66,Balaju_66,Lainchour_66,0.275,0.81267365,2.81E-06
Balaju_66-Trishuli HEP_66,Balaju_66,Trishuli HEP_66,7.9605,6.153747617,7.79E-05
Trishuli HEP_66-Chilime HEP_66,Trishuli HEP_66,Chilime HEP_66,7.1916,16.19959993,5.35E-05
Trishuli HEP_66-Devighat HEP_66,Trishuli HEP_66,Devighat HEP_66,0.840864,1.894107069,6.26E-06
Devighat HEP_66-Okhaltar_66,Devighat HEP_66,Okhaltar_66,7.27425,5.792026477,6.90E-05
Okhaltar_66-Chapali_66,Okhaltar_66,Chapali_66,0.154476,0.541203014,8.29E-06
Balaju_66-Suichatar_66,Balaju_66,Suichatar_66,1.2908,1.485387356,1.88E-05
Balaju_132-Chapali_132,Balaju_132,Chapali_132,1.2122,2.245918402,3.07E-05
Chapali_66-Chabel_66,Chapali_66,Chabel_66,1.1105,1.074063394,1.33E-05
Chabel_66-Lainchour_66,Chabel_66,Lainchour_66,0.38997,2.64286086,1.06E-05
Chapali_132-Bhaktapur_132,Chapali_132,Bhaktapur_132,1.3224,2.450092802,3.35E-05
Bhaktapur_66-Baneshwor2_66,Bhaktapur_66,Baneshwor2_66,2.39868,4.542515938,1.46E-05
Bhaktapur_66-Banepa_66,Bhaktapur_66,Banepa_66,2.4431,4.64622853,1.48E-05
Banepa_66-Panchkhal_66,Banepa_66,Panchkhal_66,1.7768,3.379075294,1.08E-05
Panchkhal_66-Sunkoshi HEP_66,Panchkhal_66,Sunkoshi HEP_66,6.4409,12.24914794,3.91E-05
Panchkhal_66-Indrawati_66,Panchkhal_66,Indrawati_66,6.2188,11.3774311,3.93E-05
Indrawati_66-Indrawati HEP_66,Indrawati_66,Indrawati HEP_66,4.2199,7.720399672,2.67E-05
Bhaktapur_132-Lamosanghu_132,Bhaktapur_132,Lamosanghu_132,5.2896,9.800371209,0.000134171
Lamosanghu_132-Singati_132,Lamosanghu_132,Singati_132,4.408,15.97307081,5.72E-05
Lamosanghu_132-Bhotekoshi HEP_132,Lamosanghu_132,Bhotekoshi HEP_132,3.4162,13.27147335,4.12E-05
Lamosanghu_132-New Khimti_132,Lamosanghu_132,New Khimti_132,5.2896,19.16768497,6.87E-05
New Khimti_132-Khimti HEP_132,New Khimti_132,Khimti HEP_132,5.0692,18.36903143,6.58E-05
New Khimti_132-Garjyang_132,New Khimti_132,Garjyang_132,3.5264,6.533580806,8.94E-05
New Khimti_220-U. Tamakoshi HEP_220,New Khimti_220,U. Tamakoshi HEP_220,10.2486,18.98821922,0.000259957
Duhabi_33-Multi-fuel PP_33,Duhabi_33,Multi-fuel PP_33,0.02204,0.079865354,2.86E-07
New Butwal_132-Bardghat_132,New Butwal_132,Bardghat_132,4.7386,8.779499208,0.000120195
Suichatar_66-Kulekhani I HEP_66,Suichatar_66,Kulekhani I HEP_66,3.1958,5.921057605,8.11E-05
Sanima HEP-Godak_132,Sanima HEP_132,Godak_132,4.408,15.97307081,5.72E-05
Kabeli HEP-Kabeli_132,Kabeli HEP_132,Kabeli_132,3.1958,5.921057605,8.94E-05
Madkyu Khola HEP-Lekhnath_132,Madkyu Khola HEP_132,Lekhnath_132,4.408,15.97307081,5.72E-05
Bagmati Khola HEP-Hetauda_66,Bagmati Khola HEP_66,Hetauda_66,3.1958,5.921057605,8.94E-05
Upper Chaku HEP-Lamosanghu_132,Upper Chaku HEP_132,Lamosanghu_132,4.408,15.97307081,5.72E-05
Likhu IV HEP-New Khimti_132,Likhu IV HEP_132,New Khimti_132,1.7768,3.379075294,2.67E-05
Mithila Solar PV-Dhalkebar_33,Mithila Solar PV_33,Dhalkebar_33,0.02204,0.079865354,2.86E-07
Solar PV-Kohalpur_33,Solar PV_33,Kohalpur_33,0.02204,0.079865354,2.86E-07
Super Madi HEP-Lahachowk_132,Super Madi HEP_132,Lahachowk_132,4.1876,15.17441727,4.12E-05
Super Dordi HEP-Damauli_132,Super Dordi HEP_132,Damauli_132,4.1876,15.17441727,2.67E-05
Lower Khare HEP-Singati_132,Lower Khare HEP_132,Singati_132,2.39868,4.542515938,4.12E-05
Upper BhoteKoshi Khola HEP-Lamosanghu_132,Upper BhoteKoshi Khola HEP_132,Lamosanghu_132,4.1876,15.17441727,4.12E-05
Taskar Pikhauwa HEP-Tumlingtar_132,Taskar Pikhauwa HEP_132,Tumlingtar_132,4.1876,15.17441727,2.67E-05
Singati HEP-Singati_132,Singati HEP_132,Singati_132,2.39868,4.542515938,4.12E-05
Makarigad HEP-Mahendranagar_132,Makarigad HEP_132,Mahendranagar_132,3.1958,5.921057605,8.94E-05
Kalangagad HEP-Syaule_132,Kalangagad HEP_132,Syaule_132,4.408,15.97307081,5.72E-05
Mistri Khola HEP-Dana_220,Mistri Khola HEP_220,Dana_220,1.7768,3.379075294,2.67E-05
Ghal Madi HEP-Kushma_132,Ghal Madi HEP_132,Kushma_132,4.408,15.97307081,5.72E-05
Iwa Khola HEP-Garjyang_132,Iwa Khola HEP_132,Garjyang_132,3.4162,13.27147335,4.12E-05
Solu Khola HEP-Tingla_132,Solu Khola HEP_132,Tingla_132,5.2896,19.16768497,6.87E-05
Grid Connected Solar PV-Lahachowk_132,Grid Connected Solar PV_132,Lahachowk_132,5.0692,18.36903143,6.58E-05
Daraudi Khola HEP-Markhichowk_132,Daraudi Khola HEP_132,Markhichowk_132,3.5264,6.533580806,8.94E-05
Rudi Khola HEP-Lahachowk_132,Rudi Khola HEP_132,Lahachowk_132,1.2908,1.485387356,1.88E-05
