name,bus,p_set,q_set
Mahendranagar_33,Mahendranagar_33,14.11,8.744592615
Attariya_33,Attariya_33,13.77,8.53387954
Syaule_33,Syaule_33,6.8,4.214261501
Pahalmanpur_33,Pahalmanpur_33,6.8,4.214261501
Lamki_33,Lamki_33,14.11,8.744592615
Bhurigaon_33,Bhurigaon_33,6.8,4.214261501
Kohalpur_33,Kohalpur_33,28.22,17.48918523
Kusum_132,Kusum_132,10.625,6.584783596
Hapure_33,Hapure_33,6.8,4.214261501
Ghorahi_33,Ghorahi_33,14.11,8.744592615
Motipur_33,Motipur_33,13.6,8.428523002
Sandhikharka_33,Sandhikharka_33,13.6,8.428523002
Butwal_33,Butwal_33,48.62,30.13196973
Syangja_33,Syangja_33,6.8,4.214261501
Mainahiya_33,Mainahiya_33,9.35,5.794609564
Dana_132,Dana_132,21.25,13.16956719
Bardghat_132,Bardghat_132,38.25,23.70522094
Kawasoti_33,Kawasoti_33,13.855,8.586557809
Pokhara_132,Pokhara_132,51,31.60696126
Lekhnath_132,Lekhnath_132,44.625,27.6560911
Lahachowk_33,Lahachowk_33,6.8,4.214261501
Damauli_33,Damauli_33,16.66,10.32494068
Markhichowk_132,Markhichowk_132,44.2,27.39269976
Bharatpur_132,Bharatpur_132,63.75,39.50870157
Purbi Chitwan_33,Purbi Chitwan_33,14.11,8.744592615
Hetauda_66,Hetauda_66,34,21.07130751
Amlekhgunj_66,Amlekhgunj_66,8.5,5.267826876
Simara_66,Simara_66,25.5,15.80348063
Parwanipur_132,Parwanipur_132,93.5,57.94609564
Birgunj_66,Birgunj_66,76.5,47.41044189
Pathalaiya_132,Pathalaiya_132,44.625,27.6560911
Kamane_33,Kamane_33,34.51,21.38737712
Chapur_33,Chapur_33,14.11,8.744592615
Nawalpur_33,Nawalpur_33,13.6,8.428523002
Dhalkebar_33,Dhalkebar_33,28.22,17.48918523
Mirchaiya_33,Mirchaiya_33,14.11,8.744592615
Lahan_33,Lahan_33,28.22,17.48918523
Rupani_132,Rupani_132,53.55,33.18730932
Kaushaha_132,Kaushaha_132,19.125,11.85261047
Inarwa_220,Inarwa_220,68,42.14261501
Duhabi_33,Duhabi_33,28.22,17.48918523
Anarmani_33,Anarmani_33,2.55,1.580348063
Damak_33,Damak_33,14.11,8.744592615
Kabeli_33,Kabeli_33,2.55,1.580348063
Phidim_33,Phidim_33,2.55,1.580348063
Godak_33,Godak_33,6.8,4.214261501
Tingla_33,Tingla_33,6.8,4.214261501
New Khimti_132,New Khimti_132,28.05,17.38382869
Garjyang_33,Garjyang_33,6.8,4.214261501
Indrawati_66,Indrawati_66,8.5,5.267826876
Panchkhal_66,Panchkhal_66,8.5,5.267826876
Banepa_66,Banepa_66,19.125,11.85261047
Bhaktapur_132,Bhaktapur_132,42.5,26.33913438
Singati_132,Singati_132,25.5,15.80348063
Lamosanghu_132,Lamosanghu_132,25.5,15.80348063
Samudratar_33,Samudratar_33,13.6,8.428523002
Matatirtha_132,Matatirtha_132,38.25,23.70522094
Balaju_66,Balaju_66,57.375,35.55783142
Lainchour_66,Lainchour_66,38.25,23.70522094
Chapali_132,Chapali_132,38.25,23.70522094
Chabel_66,Chabel_66,76.5,47.41044189
New Patan_66,New Patan_66,71.4,44.24974576
Teku_66,Teku_66,38.25,23.70522094
