name,bus0,bus1,x,r,s_nom
Mahendranagar_1,Mahendranagar_132,Mahendranagar_33,0.0096,0.0001,30
Mahendranagar_2,Mahendranagar_132,Mahendranagar_33,0.0096,0.0001,30
Attariya_1_1,Attariya_132,Attariya_33,0.0096,0.0001,30
Attariya_2_2,Attariya_132,Attariya_33,0.0096,0.0001,30
Syaule_1,Syaule_132,Syaule_33,0.0096,0.0001,30
Chameliya HEP_1,Chameliya HEP,Chameliya HEP_132,0.0096,0.0001,30
Pahalmanpur_1,Pahalmanpur_132,Pahalmanpur_33,0.0096,0.0001,30
Lamki_1,Lamki_132,Lamki_33,0.0096,0.0001,15
Lamki_2,Lamki_132,Lamki_33,0.0096,0.0001,15
Bhurigaon_1,Bhurigaon_132,Bhurigaon_33,0.0096,0.0001,30
Kohalpur_1,Kohalpur_132,Kohalpur_33,0.0096,0.0001,63
Kohalpur_2,Kohalpur_132,Kohalpur_33,0.0096,0.0001,63
Hapure_1,Hapure_132,Hapure_33,0.0096,0.0001,30
Lamahi_1,Lamahi_132,Lamahi_33,0.0096,0.0001,63
Ghorahi_1,Ghorahi_132,Ghorahi_33,0.0096,0.0001,63
Ghorahi_2,Ghorahi_132,Ghorahi_33,0.0096,0.0001,30
Jhimruk HEP_1,Jhimruk HEP,Jhimruk HEP_132,0.0096,0.0001,30
Shivapur_1,Shivapur_132,Shivapur_33,0.0096,0.0001,30
Shivapur_2,Shivapur_132,Shivapur_33,0.0096,0.0001,30
Motipur_1,Motipur_132,Motipur_33,0.0096,0.0001,30
Sandhikharka_1,Sandhikharka_132,Sandhikharka_33,0.0096,0.0001,30
Butwal_1,Butwal_132,Butwal_33,0.0096,0.0001,63
Butwal_2,Butwal_132,Butwal_33,0.0096,0.0001,63
Butwal_3,Butwal_132,Butwal_33,0.0096,0.0001,63
Mainahiya_1,Mainahiya_132,Mainahiya_33,0.0096,0.0001,45
Mainahiya_2,Mainahiya_132,Mainahiya_33,0.0096,0.0001,45
New Butwal_1,New Butwal_220,New Butwal_132,0.0011,0.0001,100
Bardghat_1,Bardghat_220,Bardghat_132,0.0011,0.0001,100
Gandak_1,Gandak_132,Gandak_33,0.0096,0.0001,30
Gandak_2,Gandak_132,Gandak_33,0.0096,0.0001,30
Gandak HEP_1,Gandak HEP,Gandak HEP_132,0.0096,0.0001,15
Kawasoti_1,Kawasoti_132,Kawasoti_33,0.0096,0.0001,30
Kawasoti_2,Kawasoti_132,Kawasoti_33,0.0096,0.0001,30
Markhichowk_1,Markhichowk_220,Markhichowk_132,0.0011,0.0001,120
Marsyandi HEP_1,Marsyandi HEP,Marsyandi HEP_132,0.0096,0.0001,120
Damauli_1,Damauli_132,Damauli_33,0.0096,0.0001,30
Damauli_2,Damauli_132,Damauli_33,0.0096,0.0001,15
Mid Marsyandi HEP_1,Mid Marsyandi HEP,Mid Marsyandi HEP_132,0.0096,0.0001,15
Upper Marsyandi HEP_1,Upper Marsyandi HEP,Upper Marsyandi HEP_132,0.0096,0.0001,63
Lahachowk_1,Lahachowk_132,Lahachowk_33,0.0096,0.0001,30
Modi Khola HEP_1,Modi Khola HEP,Modi Khola HEP_132,0.0096,0.0001,22
Lower Modi HEP_1,Lower Modi HEP,Lower Modi HEP_132,0.0096,0.0001,22
Kushma_1,Kushma_220,Kushma_132,0.0011,0.0001,100
Dana_1,Dana_220,Dana_132,0.0011,0.0001,100
Syangja_1,Syangja_132,Syangja_33,0.0096,0.0001,30
Kaligandaki'A' HEP_1,Kaligandaki'A' HEP,Kaligandaki'A' HEP_132,0.0096,0.0001,18
Purbi Chitwan_1,Purbi Chitwan_132,Purbi Chitwan_33,0.0096,0.0001,30
Purbi Chitwan_2,Purbi Chitwan_132,Purbi Chitwan_33,0.0096,0.0001,30
Hetauda_1,Hetauda_132,Hetauda_66,0.0096,0.0001,45
Hetauda_2,Hetauda_132,Hetauda_66,0.0096,0.0001,20
Kamane_1,Kamane_132,Kamane_33,0.0096,0.0001,63
Kamane_2,Kamane_132,Kamane_33,0.0096,0.0001,30
Parwanipur_1,Parwanipur_132,Parwanipur_66,0.0096,0.0001,63
Parwanipur_2,Parwanipur_132,Parwanipur_66,0.0096,0.0001,63
Parwanipur_3,Parwanipur_132,Parwanipur_66,0.0096,0.0001,63
Chapur_1,Chapur_132,Chapur_33,0.0096,0.0001,30
Chapur_2,Chapur_132,Chapur_33,0.0096,0.0001,30
Nawalpur_1,Nawalpur_132,Nawalpur_33,0.0096,0.0001,63
Dhalkebar_4,Dhalkebar_220,Dhalkebar_132,0.0011,0.0001,160
Dhalkebar_5,Dhalkebar_220,Dhalkebar_132,0.0011,0.0001,160
Dhalkebar_6,Dhalkebar_220,Dhalkebar_132,0.0011,0.0001,160
Dhalkebar_7,Dhalkebar_220,Dhalkebar_132,0.0011,0.0001,160
Dhalkebar_8,Dhalkebar_132,Dhalkebar_33,0.0096,0.0001,63
Dhalkebar_9,Dhalkebar_132,Dhalkebar_33,0.0096,0.0001,63
Multi-fuel PP_10,Multi-fuel PP,Multi-fuel PP_33,0.0096,0.0001,25
Mirchaiya_1,Mirchaiya_132,Mirchaiya_33,0.0096,0.0001,30
Lahan_1,Lahan_132,Lahan_33,0.0096,0.0001,63
Inarwa_1,Inarwa_220,Inarwa_132,0.0011,0.0001,160
Inarwa_2,Inarwa_220,Inarwa_132,0.0011,0.0001,160
Duhabi_1,Duhabi_132,Duhabi_33,0.0096,0.0001,63
Duhabi_2,Duhabi_132,Duhabi_33,0.0096,0.0001,63
Duhabi_3,Duhabi_132,Duhabi_33,0.0096,0.0001,63
Duhabi_4,Duhabi_132,Duhabi_33,0.0096,0.0001,63
Anarmani_1,Anarmani_132,Anarmani_33,0.0096,0.0001,30
Anarmani_2,Anarmani_132,Anarmani_33,0.0096,0.0001,63
Anarmani_3,Anarmani_132,Anarmani_33,0.0096,0.0001,30
Puwa Khola HEP_1,Puwa Khola HEP,Puwa Khola HEP_33,0.0096,0.0001,63
Puwa Khola HEP_2,Puwa Khola HEP_33,Puwa Khola HEP_132,0.0096,0.0001,16.5
Tumlingtar_1,Tumlingtar_220,Tumlingtar_132,0.0011,0.0001,100
Tumlingtar_2,Tumlingtar_220,Tumlingtar_132,0.0011,0.0001,100
Tingla_1,Tingla_132,Tingla_33,0.0096,0.0001,30
Damak_1,Damak_132,Damak_33,0.0096,0.0001,63
Damak_2,Damak_132,Damak_33,0.0096,0.0001,63
Godak_1,Godak_132,Godak_33,0.0096,0.0001,63
Phidim_1,Phidim_132,Phidim_33,0.0096,0.0001,20
Kabeli_1,Kabeli_132,Kabeli_33,0.0096,0.0001,30
Sunkoshi HEP_1,Sunkoshi HEP,Sunkoshi HEP_66,0.0096,0.0001,30
Indrawati HEP_1,Indrawati HEP,Indrawati HEP_66,0.0096,0.0001,30
New Khimti_1,New Khimti_220,New Khimti_132,0.0011,0.0001,100
U. Tamakoshi HEP_1,U. Tamakoshi HEP,U. Tamakoshi HEP_220,0.0011,0.0001,100
Khimti HEP_1,Khimti HEP,Khimti HEP_132,0.0096,0.0001,63
Garjyang_1,Garjyang_132,Garjyang_33,0.0096,0.0001,30
Bhaktapur_1,Bhaktapur_132,Bhaktapur_66,0.0096,0.0001,49.5
Bhaktapur_2,Bhaktapur_132,Bhaktapur_66,0.0096,0.0001,49.5
Bhotekoshi HEP_1,Bhotekoshi HEP,Bhotekoshi HEP_132,0.0096,0.0001,15
Chapali_1,Chapali_132,Chapali_66,0.0096,0.0001,49.5
Chapali_2,Chapali_132,Chapali_66,0.0096,0.0001,49.5
Devighat HEP_1,Devighat HEP,Devighat HEP_66,0.0096,0.0001,30
Trishuli HEP_1,Trishuli HEP,Trishuli HEP_66,0.0096,0.0001,63
Chilime HEP_1,Chilime HEP,Chilime HEP_66,0.0096,0.0001,30
Balaju_1,Balaju_132,Balaju_66,0.0096,0.0001,45
Suichatar_1,Suichatar_132,Suichatar_66,0.0096,0.0001,37.8
Suichatar_2,Suichatar_132,Suichatar_66,0.0096,0.0001,37.8
Suichatar_3,Suichatar_132,Suichatar_66,0.0096,0.0001,37.8
Matatirtha_1,Matatirtha_220,Matatirtha_132,0.0011,0.0001,100
Trishuli 3B Hub_1,Trishuli 3B Hub_220,Trishuli 3B Hub_132,0.0011,0.0001,100
U. Trishuli 3A HEP_1,U. Trishuli 3A HEP,U. Trishuli 3A HEP_132,0.0096,0.0001,27
Samudratar_1,Samudratar_132,Samudratar_33,0.0096,0.0001,30
Samudratar_2,Samudratar_132,Samudratar_33,0.0096,0.0001,30
Kulekhani I HEP_1,Kulekhani I HEP,Kulekhani I HEP_66,0.00915,0.0001,15
Kulekhani II HEP_1,Kulekhani II HEP,Kulekhani II HEP_132,0.0096,0.0001,30
Kulekhani III HEP_1,Kulekhani III HEP,Kulekhani III HEP_132,0.0096,0.0001,22
Sanima HEP_1,Sanima HEP,Sanima HEP_132,0.0096,0.0001,30
Kabeli HEP_1,Kabeli HEP,Kabeli HEP_132,0.0096,0.0001,30
Madkyu Khola HEP_1,Madkyu Khola HEP,Madkyu Khola HEP_132,0.0096,0.0001,30
Bagmati Khola HEP_1,Bagmati Khola HEP,Bagmati Khola HEP_66,0.0096,0.0001,15
Upper Chaku HEP_1,Upper Chaku HEP,Upper Chaku HEP_132,0.0096,0.0001,100
Likhu IV HEP_1,Likhu IV HEP,Likhu IV HEP_132,0.0096,0.0001,100
Mithila Solar PV_1,Mithila Solar PV,Mithila Solar PV_33,0.0096,0.0001,15
Solar PV_1,Solar PV,Solar PV_33,0.0096,0.0001,15
Super Madi HEP_1,Super Madi HEP,Super Madi HEP_132,0.0096,0.0001,63
Super Dordi HEP_1,Super Dordi HEP,Super Dordi HEP_132,0.0096,0.0001,63
Lower Khare HEP_1,Lower Khare HEP,Lower Khare HEP_132,0.0096,0.0001,60
Upper BhoteKoshi Khola HEP_1,Upper BhoteKoshi Khola HEP,Upper BhoteKoshi Khola HEP_132,0.0096,0.0001,16.5
Taskar Pikhauwa HEP_1,Taskar Pikhauwa HEP,Taskar Pikhauwa HEP_132,0.0096,0.0001,16.5
Singati HEP_1,Singati HEP,Singati HEP_132,0.0096,0.0001,60
Makarigad HEP_1,Makarigad HEP,Makarigad HEP_132,0.0096,0.0001,16.5
Kalangagad HEP_1,Kalangagad HEP,Kalangagad HEP_132,0.0096,0.0001,63
Mistri Khola HEP_1,Mistri Khola HEP,Mistri Khola HEP_220,0.0096,0.0001,63
Ghal Madi HEP_1,Ghal Madi HEP,Ghal Madi HEP_132,0.0096,0.0001,30
Iwa Khola HEP_1,Iwa Khola HEP,Iwa Khola HEP_132,0.0096,0.0001,30
Solu Khola HEP_1,Solu Khola HEP,Solu Khola HEP_132,0.0096,0.0001,30
Grid Connected Solar PV_1,Grid Connected Solar PV,Grid Connected Solar PV_132,0.0096,0.0001,15
Daraudi Khola HEP_1,Daraudi Khola HEP,Daraudi Khola HEP_132,0.0096,0.0001,30
Rudi Khola HEP_1,Rudi Khola HEP,Rudi Khola HEP_132,0.0096,0.0001,30
